{"cameraMode":{"drawMode":0,"name":"Shaded","section":"Shading Mode"},"sceneLighting":true,"audioPlay":false,"sceneViewState":{"showFog":true,"showMaterialUpdate":true,"showSkybox":true,"showFlares":true,"showImageEffects":true,"showParticleSystems":true},"in2DMode":false,"pivot":{"x":-0.031748369336128238,"y":0.7470177412033081,"z":-0.5784189701080322},"rotation":{"x":-0.19511686265468598,"y":-0.03589075431227684,"z":0.00714495126157999,"w":-0.9801000356674194},"size":2.6926047801971437,"orthographic":false}