{"cameraMode":{"drawMode":0,"name":"Shaded","section":"Shading Mode"},"sceneLighting":false,"audioPlay":false,"sceneViewState":{"showFog":true,"showMaterialUpdate":true,"showSkybox":true,"showFlares":true,"showImageEffects":true,"showParticleSystems":true},"in2DMode":false,"pivot":{"x":0.5203208327293396,"y":4.59499454498291,"z":4.29911470413208},"rotation":{"x":-0.04004436731338501,"y":-0.828571081161499,"z":-0.05976280942559242,"w":0.5552531480789185},"size":2.0935275554656984,"orthographic":false}